site,split,M-MISR,HN-cld,Breizh,mean
sjz_north_agri,train,29.8310,31.0521,28.9251,29.9360
xian_plain,train,29.2660,30.4836,28.3679,29.3725
chengdu_plain,train,31.0913,31.3044,25.6400,29.3452
lanzhou_valley,train,29.1560,29.8510,28.9416,29.3162
dunhuang_oasis,test,29.7811,28.1226,29.7750,29.2262
linzhi_valley,train,28.9066,29.6239,28.4125,28.9810
bj_south,val,27.8379,27.2607,27.3571,27.4853
hohhot_steppe,train,26.1516,27.1846,26.5460,26.6274
zhengzhou_east,train,26.1345,27.2147,26.1462,26.4985
dg_north,test,27.0090,26.1999,24.6053,25.9381
sz_east,test,26.3254,25.8213,25.2418,25.7962
haikou_north,test,26.4819,25.7208,24.9546,25.7191
kunming_plateau,val,25.7166,25.1828,24.7381,25.2125
urumqi_north,train,24.6836,25.7721,24.8438,25.0998
xiamen_inland,test,25.6999,24.6909,23.5853,24.6587
wuhan_lake,train,24.1462,25.3551,23.7646,24.4220
harbin_agri,train,23.5067,24.1885,23.4865,23.7272
qingdao_inland,val,18.6411,18.2259,18.8160,18.5610
